path	blob	bytes	lines	module	kind	last_commit	last_modified	author	commits_90d	tracked
.gitignore	661f7e2f35e5	331	29	_raiz	config	6017deb1fc67	2026-09-09	Samuel Cunha	1	1
AGENTS.md	10d24242d6a9	2454	31	_raiz	doc	60d4a74993f7	2026-08-29	Samuel Cunha	3	1
CHANGELOG.md	e10a87028ab6	18454	235	_raiz	doc	ec2a66ce9fad	2026-09-09	Samuel Cunha	9	1
LICENSE	261eeb9e9f8b	11357	202	_raiz	nao_classificado	acb487da1097	2026-02-14	Samuel Gonçalves Cunha	0	1
README.md	db4171fdf3cb	26249	885	_raiz	doc	8ef6f537b280	2026-08-29	Samuel Cunha	6	1
pom.xml	e29a81b420b7	21558	466	_raiz	build	d88911c10499	2026-08-23	Samuel Cunha	18	1
.github/CODEOWNERS	aeeb8bece8e2	5799	81	_raiz	nao_classificado	ac2ddabecd73	2026-02-14	Samuel Cunha	0	1
.github/pull_request_template.md	16cc976cc954	637	33	_raiz	doc	094871c35293	2026-08-18	Samuel Cunha	2	1
.github/actions/setup-gpg/action.yml	fb879b2cfd73	1282	35	_raiz	config	28f9fca9c49d	2026-06-14	Samuel Cunha	1	1
.github/workflows/build.yml	f50476d4c166	4641	181	_raiz	config	af94ffaabff5	2026-08-29	Samuel Cunha	5	1
.github/workflows/manual-release.yml	16735c4affa1	2225	79	_raiz	config	28f9fca9c49d	2026-06-14	Samuel Cunha	1	1
.github/workflows/publish-snapshot.yml	128a13eae7b6	1755	56	_raiz	config	28f9fca9c49d	2026-06-14	Samuel Cunha	1	1
.github/workflows/release-notes.yml	fa353ae0341a	1054	40	_raiz	config	28f9fca9c49d	2026-06-14	Samuel Cunha	1	1
.github/workflows/validate-pr-target.yml	7caf5bbf29bd	571	24	_raiz	config	28f9fca9c49d	2026-06-14	Samuel Cunha	1	1
.github/workflows/validate-pr-template.yml	d04147f44e67	853	27	_raiz	config	28f9fca9c49d	2026-06-14	Samuel Cunha	1	1
archtest/AGENTS.md	4e933155a361	751	15	archtest	doc	60d4a74993f7	2026-08-29	Samuel Cunha	1	1
archtest/README.md	ccd71f8e08b0	1174	21	archtest	doc	60d4a74993f7	2026-08-29	Samuel Cunha	2	1
archtest/pom.xml	325936eacea4	7235	189	archtest	build	d88911c10499	2026-08-23	Samuel Cunha	3	1
archtest/src/test/java/br/com/sawcunhaos/foundation/archtest/ArchitectureTest.java	3af2381a9d4a	2836	62	archtest	codigo	7d9074cddf60	2026-08-23	Samuel Cunha	1	1
audit/AGENTS.md	9fc66428a472	719	15	audit	doc	60d4a74993f7	2026-08-29	Samuel Cunha	1	1
audit/README.md	e72750ca7031	10142	347	audit	doc	60d4a74993f7	2026-08-29	Samuel Cunha	2	1
audit/audit.iml	b066b3b82320	210	6	audit	nao_classificado	ac2ddabecd73	2026-02-14	Samuel Cunha	0	1
audit/pom.xml	51f360246d45	10646	250	audit	build	562ce4ac3667	2026-08-23	Samuel Cunha	5	1
audit/src/main/java/br/com/sawcunhaos/foundation/audit/configuration/ScosAuditConfiguration.java	df5e27b33cec	2159	50	audit	codigo	71da70030647	2026-07-05	Samuel Cunha	1	1
audit/src/main/java/br/com/sawcunhaos/foundation/audit/configuration/ScosAuditLiquibaseConfiguration.java	2b35f64c6db9	2610	56	audit	codigo	71da70030647	2026-07-05	Samuel Cunha	1	1
audit/src/main/java/br/com/sawcunhaos/foundation/audit/configuration/ScosLogDataSourceConfiguration.java	74d3103f054c	5884	119	audit	codigo	639e87730ca5	2026-02-15	Samuel Cunha	0	1
audit/src/main/java/br/com/sawcunhaos/foundation/audit/configuration/ThreadsScosAuditConfiguration.java	17741aba054d	1211	34	audit	codigo	71da70030647	2026-07-05	Samuel Cunha	1	1
audit/src/main/java/br/com/sawcunhaos/foundation/audit/configuration/properties/ScosAuditDurabilityProperties.java	8f229046a056	1193	34	audit	codigo	e496ebc8917e	2026-06-04	Samuel Cunha	0	1
audit/src/main/java/br/com/sawcunhaos/foundation/audit/configuration/properties/ScosAuditHikariConfigProperties.java	fc3701f2a120	1157	39	audit	codigo	639e87730ca5	2026-02-15	Samuel Cunha	0	1
audit/src/main/java/br/com/sawcunhaos/foundation/audit/configuration/properties/ScosAuditImmutabilityProperties.java	426a432e16bf	1180	38	audit	codigo	e496ebc8917e	2026-06-04	Samuel Cunha	0	1
audit/src/main/java/br/com/sawcunhaos/foundation/audit/configuration/properties/ScosAuditLiquibaseProperties.java	32227753fd6d	714	23	audit	codigo	677387cafbac	2026-08-23	Samuel Cunha	1	1
audit/src/main/java/br/com/sawcunhaos/foundation/audit/configuration/properties/ScosAuditLogProperties.java	dedb7c6f8baa	1495	44	audit	codigo	e496ebc8917e	2026-06-04	Samuel Cunha	0	1
audit/src/main/java/br/com/sawcunhaos/foundation/audit/configuration/properties/ScosAuditPerformanceProperties.java	04e39a63765b	1296	37	audit	codigo	e496ebc8917e	2026-06-04	Samuel Cunha	0	1
audit/src/main/java/br/com/sawcunhaos/foundation/audit/configuration/properties/ScosAuditRetentionProperties.java	af842720b4ae	1427	42	audit	codigo	e496ebc8917e	2026-06-04	Samuel Cunha	0	1
audit/src/main/java/br/com/sawcunhaos/foundation/audit/domain/entity/ActionType.java	e9a1894399b5	1625	55	audit	codigo	e496ebc8917e	2026-06-04	Samuel Cunha	0	1
audit/src/main/java/br/com/sawcunhaos/foundation/audit/domain/entity/ScosAuditDlqLog.java	21911a86acbc	2574	82	audit	codigo	e496ebc8917e	2026-06-04	Samuel Cunha	0	1
audit/src/main/java/br/com/sawcunhaos/foundation/audit/domain/entity/ScosAuditLog.java	87e006796605	4214	115	audit	codigo	d12da418da67	2026-08-22	Samuel Cunha	1	1
audit/src/main/java/br/com/sawcunhaos/foundation/audit/domain/repository/ScosAuditDlqRepository.java	8c1d1bfc7db1	836	29	audit	codigo	e496ebc8917e	2026-06-04	Samuel Cunha	0	1
audit/src/main/java/br/com/sawcunhaos/foundation/audit/domain/repository/ScosAuditLogRepository.java	491da642fae8	2547	58	audit	codigo	e496ebc8917e	2026-06-04	Samuel Cunha	0	1
audit/src/main/java/br/com/sawcunhaos/foundation/audit/listener/AuditableAnnotationCountListener.java	4b42654085d7	4142	91	audit	codigo	d97e006ed624	2026-08-23	Samuel Cunha	1	1
audit/src/main/java/br/com/sawcunhaos/foundation/audit/service/ScosAuditBatchConsumer.java	0d3b3fe21956	10051	222	audit	codigo	d12da418da67	2026-08-22	Samuel Cunha	2	1
audit/src/main/java/br/com/sawcunhaos/foundation/audit/service/ScosAuditDlqJob.java	1354eaadf0ae	2671	73	audit	codigo	d12da418da67	2026-08-22	Samuel Cunha	1	1
audit/src/main/java/br/com/sawcunhaos/foundation/audit/service/ScosAuditHashService.java	4677ed197e38	5024	128	audit	codigo	d12da418da67	2026-08-22	Samuel Cunha	1	1
audit/src/main/java/br/com/sawcunhaos/foundation/audit/service/ScosAuditIntegrityServiceBean.java	7a383cffb7a4	2898	73	audit	codigo	e496ebc8917e	2026-06-04	Samuel Cunha	0	1
audit/src/main/java/br/com/sawcunhaos/foundation/audit/service/ScosAuditLogService.java	0b03140f8087	1219	38	audit	codigo	e496ebc8917e	2026-06-04	Samuel Cunha	0	1
audit/src/main/java/br/com/sawcunhaos/foundation/audit/service/ScosAuditQueryServiceBean.java	7548a9481476	2767	67	audit	codigo	e496ebc8917e	2026-06-04	Samuel Cunha	0	1
audit/src/main/java/br/com/sawcunhaos/foundation/audit/service/ScosAuditQueue.java	124ab4562fa9	1860	71	audit	codigo	e496ebc8917e	2026-06-04	Samuel Cunha	0	1
audit/src/main/java/br/com/sawcunhaos/foundation/audit/service/ScosAuditRetentionJob.java	bb3bcf34f429	3546	88	audit	codigo	e496ebc8917e	2026-06-04	Samuel Cunha	0	1
audit/src/main/java/br/com/sawcunhaos/foundation/audit/service/ScosAuditServiceBean.java	29e46fae5104	7708	171	audit	codigo	ba8b66d8364c	2026-08-22	Samuel Cunha	4	1
audit/src/main/java/br/com/sawcunhaos/foundation/audit/service/ScosHibernateAuditListener.java	485cb8c29feb	3602	100	audit	codigo	4dcab58a2c4c	2026-08-29	Samuel Cunha	4	1
audit/src/main/java/br/com/sawcunhaos/foundation/audit/specification/ScosAuditIntegrityService.java	a9cfe4f4c5be	1257	37	audit	codigo	e496ebc8917e	2026-06-04	Samuel Cunha	0	1
audit/src/main/java/br/com/sawcunhaos/foundation/audit/specification/ScosAuditQueryService.java	a6503f95994b	2463	70	audit	codigo	e496ebc8917e	2026-06-04	Samuel Cunha	0	1
audit/src/main/java/br/com/sawcunhaos/foundation/audit/specification/ScosAuditService.java	1d5ede6ecfdd	2015	52	audit	codigo	71da70030647	2026-07-05	Samuel Cunha	1	1
audit/src/main/resources/META-INF/spring/org.springframework.boot.autoconfigure.AutoConfiguration.imports	bbc7a8a73945	657	18	audit	nao_classificado	d97e006ed624	2026-08-23	Samuel Cunha	1	1
audit/src/main/resources/db/changelog/db_audit.changelog-master.yaml	fc187f73c2ad	197	8	audit	config	e496ebc8917e	2026-06-04	Samuel Cunha	0	1
audit/src/main/resources/db/changelog/audit/property.yml	686a88e2ed7e	868	42	audit	config	ac2ddabecd73	2026-02-14	Samuel Cunha	0	1
audit/src/main/resources/db/changelog/audit/init/create_db.yml	caf4c31ad79f	3926	120	audit	config	ac2ddabecd73	2026-02-14	Samuel Cunha	0	1
audit/src/main/resources/db/changelog/audit/init/init.yml	11e65520cb5b	83	3	audit	config	ac2ddabecd73	2026-02-14	Samuel Cunha	0	1
audit/src/main/resources/db/changelog/audit/v2/audit_accountability.yml	3252c760e163	2160	73	audit	config	e496ebc8917e	2026-06-04	Samuel Cunha	0	1
audit/src/main/resources/db/changelog/audit/v2/init.yml	f4fe099ecebd	91	4	audit	config	e496ebc8917e	2026-06-04	Samuel Cunha	0	1
audit/src/test/java/br/com/sawcunhaos/foundation/audit/AbstractAuditIntegrationTest.java	f69cb241f3b8	4104	105	audit	codigo	e496ebc8917e	2026-06-04	Samuel Cunha	0	1
audit/src/test/java/br/com/sawcunhaos/foundation/audit/AuditBackpressureIntegrationTest.java	0f7ddd3a1a70	2321	63	audit	codigo	e496ebc8917e	2026-06-04	Samuel Cunha	0	1
audit/src/test/java/br/com/sawcunhaos/foundation/audit/AuditBatchPipelineIntegrationTest.java	ddc988631548	3332	93	audit	codigo	e496ebc8917e	2026-06-04	Samuel Cunha	0	1
audit/src/test/java/br/com/sawcunhaos/foundation/audit/AuditDlqIntegrationTest.java	ddd793882221	3908	105	audit	codigo	d12da418da67	2026-08-22	Samuel Cunha	1	1
audit/src/test/java/br/com/sawcunhaos/foundation/audit/AuditEncryptionRoundTripTest.java	8938a2e3e4bf	5808	139	audit	codigo	d12da418da67	2026-08-22	Samuel Cunha	1	1
audit/src/test/java/br/com/sawcunhaos/foundation/audit/AuditErrorTest.java	c9d237ad4597	10012	272	audit	codigo	e496ebc8917e	2026-06-04	Samuel Cunha	0	1
audit/src/test/java/br/com/sawcunhaos/foundation/audit/AuditHashChainIntegrationTest.java	6d6ca73d13ca	5146	130	audit	codigo	e496ebc8917e	2026-06-04	Samuel Cunha	0	1
audit/src/test/java/br/com/sawcunhaos/foundation/audit/AuditIntegrationTest.java	57e2fc6486ed	11714	309	audit	codigo	e496ebc8917e	2026-06-04	Samuel Cunha	0	1
audit/src/test/java/br/com/sawcunhaos/foundation/audit/AuditMetricsIntegrationTest.java	83c3c7fe8e4e	2729	83	audit	codigo	e496ebc8917e	2026-06-04	Samuel Cunha	0	1
audit/src/test/java/br/com/sawcunhaos/foundation/audit/AuditPostgresTest.java	70c5eaa5dd3e	13480	308	audit	codigo	e496ebc8917e	2026-06-04	Samuel Cunha	0	1
audit/src/test/java/br/com/sawcunhaos/foundation/audit/AuditQueryIntegrationTest.java	d5f6c9d70c31	6786	169	audit	codigo	e496ebc8917e	2026-06-04	Samuel Cunha	0	1
audit/src/test/java/br/com/sawcunhaos/foundation/audit/AuditRetentionIntegrationTest.java	560fa017c395	5257	136	audit	codigo	e496ebc8917e	2026-06-04	Samuel Cunha	0	1
audit/src/test/java/br/com/sawcunhaos/foundation/audit/AuditRetryIntegrationTest.java	38fa9d194252	2463	72	audit	codigo	e496ebc8917e	2026-06-04	Samuel Cunha	0	1
audit/src/test/java/br/com/sawcunhaos/foundation/audit/AuditSecurityTest.java	e623ca65e07c	10928	285	audit	codigo	e496ebc8917e	2026-06-04	Samuel Cunha	0	1
audit/src/test/java/br/com/sawcunhaos/foundation/audit/AuditTestApplication.java	0c741e4609b4	1006	33	audit	codigo	2bc2e9bc00c4	2026-08-23	Samuel Cunha	1	1
audit/src/test/java/br/com/sawcunhaos/foundation/audit/configuration/LocaleUtilsBean.java	1688572b9ecc	1496	52	audit	codigo	82f548b47356	2026-08-23	Samuel Cunha	2	1
audit/src/test/java/br/com/sawcunhaos/foundation/audit/configuration/ScosLiquibaseTestConfiguration.java	30e448fe3823	2911	66	audit	codigo	ba8b66d8364c	2026-08-22	Samuel Cunha	1	1
audit/src/test/java/br/com/sawcunhaos/foundation/audit/configuration/ScosUserAuthenticationBean.java	3d49889b5be4	745	26	audit	codigo	ba8b66d8364c	2026-08-22	Samuel Cunha	1	1
audit/src/test/java/br/com/sawcunhaos/foundation/audit/domain/entity/Country.java	a89cc15dbecd	1361	53	audit	codigo	637f22c66b71	2026-08-22	Samuel Cunha	1	1
audit/src/test/java/br/com/sawcunhaos/foundation/audit/domain/repository/CountryRepository.java	554c0b1f6a27	714	27	audit	codigo	639e87730ca5	2026-02-15	Samuel Cunha	0	1
audit/src/test/java/br/com/sawcunhaos/foundation/audit/enums/ErrorCode.java	ca5a19eee3e4	801	31	audit	codigo	764461b21f54	2026-08-22	Samuel Cunha	1	1
audit/src/test/java/br/com/sawcunhaos/foundation/audit/listener/AuditableAnnotationCountListenerTest.java	cbb5ffc7cc54	1087	41	audit	codigo	d97e006ed624	2026-08-23	Samuel Cunha	1	1
audit/src/test/java/br/com/sawcunhaos/foundation/audit/listener/empty/SampleNoAuditableUsage.java	01f312f25b85	684	27	audit	codigo	d97e006ed624	2026-08-23	Samuel Cunha	1	1
audit/src/test/java/br/com/sawcunhaos/foundation/audit/listener/sample/SampleAuditableUsage.java	9a7a9ed871d8	750	33	audit	codigo	d97e006ed624	2026-08-23	Samuel Cunha	1	1
audit/src/test/java/br/com/sawcunhaos/foundation/audit/service/CountryReadService.java	80047166153c	1227	41	audit	codigo	637f22c66b71	2026-08-22	Samuel Cunha	1	1
audit/src/test/java/br/com/sawcunhaos/foundation/audit/service/InsideAuditExampleService.java	0fa3d2d0e6dc	1173	44	audit	codigo	764461b21f54	2026-08-22	Samuel Cunha	1	1
audit/src/test/java/br/com/sawcunhaos/foundation/audit/service/ScosAuditHashServiceCanonicalizationTest.java	c029dbbaf9a5	2258	65	audit	codigo	d12da418da67	2026-08-22	Samuel Cunha	1	1
audit/src/test/resources/application-postgres.yml	a463997ad082	1533	49	audit	config	8726a9c5b2ce	2026-08-23	Samuel Cunha	1	1
audit/src/test/resources/messages.properties	28251636094d	401	16	audit	config	639e87730ca5	2026-02-15	Samuel Cunha	0	1
audit/src/test/resources/testcontainer.properties	cb547a105fb2	377	15	audit	config	639e87730ca5	2026-02-15	Samuel Cunha	0	1
audit/src/test/resources/test/db/changelog/db_audit.changelog-master.yaml	090e6f83a2ef	187	8	audit	config	ac2ddabecd73	2026-02-14	Samuel Cunha	0	1
audit/src/test/resources/test/db/changelog/audit/property.yml	686a88e2ed7e	868	42	audit	config	ac2ddabecd73	2026-02-14	Samuel Cunha	0	1
audit/src/test/resources/test/db/changelog/audit/init/create_db.yml	7408a0770c23	1936	56	audit	config	ac2ddabecd73	2026-02-14	Samuel Cunha	0	1
audit/src/test/resources/test/db/changelog/audit/init/init.yml	ad000e0004e1	98	5	audit	config	ac2ddabecd73	2026-02-14	Samuel Cunha	0	1
audit-api/README.md	6142d6ee71c4	1128	24	audit-api	doc	637f22c66b71	2026-08-22	Samuel Cunha	1	1
audit-api/pom.xml	80e1d3207570	4067	113	audit-api	build	637f22c66b71	2026-08-22	Samuel Cunha	1	1
audit-api/src/main/java/br/com/sawcunhaos/foundation/audit/api/AuditAction.java	96665a3acce9	454	21	audit-api	codigo	637f22c66b71	2026-08-22	Samuel Cunha	1	1
audit-api/src/main/java/br/com/sawcunhaos/foundation/audit/api/Auditable.java	7828589bc824	1499	49	audit-api	codigo	637f22c66b71	2026-08-22	Samuel Cunha	1	1
audit-api/src/test/java/br/com/sawcunhaos/foundation/audit/api/ArchitectureTest.java	33bd7e8d5df0	1980	51	audit-api	codigo	637f22c66b71	2026-08-22	Samuel Cunha	1	1
cache/pom.xml	f6d1117016bb	6711	173	cache	build	e85c25351b16	2026-08-22	Samuel Cunha	1	1
cache/src/main/java/br/com/sawcunhaos/foundation/cache/PolymorphicRedisSerializer.java	e69b4e880009	2354	72	cache	codigo	e85c25351b16	2026-08-22	Samuel Cunha	1	1
cache/src/main/java/br/com/sawcunhaos/foundation/cache/ScosCacheConfiguration.java	455673d3340f	13474	309	cache	codigo	359836ebec06	2026-08-29	Samuel Cunha	2	1
cache/src/main/java/br/com/sawcunhaos/foundation/cache/ScosCacheKeyGenerator.java	fb5d9f6e20fc	5564	175	cache	codigo	e85c25351b16	2026-08-22	Samuel Cunha	1	1
cache/src/main/java/br/com/sawcunhaos/foundation/cache/properties/ScosCacheModel.java	b6d45ea2c211	1608	61	cache	codigo	e85c25351b16	2026-08-22	Samuel Cunha	1	1
cache/src/main/java/br/com/sawcunhaos/foundation/cache/properties/ScosCacheProperties.java	00f63e6b60d9	2995	100	cache	codigo	e85c25351b16	2026-08-22	Samuel Cunha	1	1
codegen/README.md	766978185660	1754	30	codegen	doc	7d9074cddf60	2026-08-23	Samuel Cunha	1	1
codegen/pom.xml	6512e522334a	3484	86	codegen	build	7d9074cddf60	2026-08-23	Samuel Cunha	1	1
codegen/src/main/resources/mustaches/api.mustache	7a519b7a0717	3269	77	codegen	template	3b4481f00f36	2026-08-23	Samuel Cunha	2	1
codegen/src/main/resources/mustaches/apiController.mustache	46c0e5289467	831	31	codegen	template	3b4481f00f36	2026-08-23	Samuel Cunha	2	1
codegen/src/main/resources/mustaches/apiDelegate.mustache	fc54d1ca2b04	2789	66	codegen	template	139f70feb63a	2026-08-23	Samuel Cunha	2	1
codegen/src/main/resources/mustaches/beanValidation.mustache	f98d8ba93323	778	1	codegen	template	7d9074cddf60	2026-08-23	Samuel Cunha	1	1
codegen/src/main/resources/mustaches/beanValidationCore.mustache	3e35b4288132	3151	24	codegen	template	7d9074cddf60	2026-08-23	Samuel Cunha	1	1
codegen/src/main/resources/mustaches/bodyParams.mustache	e291bd3da681	466	1	codegen	template	7d9074cddf60	2026-08-23	Samuel Cunha	1	1
codegen/src/main/resources/mustaches/dateTimeParam.mustache	bd4cfbbc4f15	144	1	codegen	template	7d9074cddf60	2026-08-23	Samuel Cunha	1	1
codegen/src/main/resources/mustaches/headerParams.mustache	470ceea49507	336	1	codegen	template	7d9074cddf60	2026-08-23	Samuel Cunha	1	1
codegen/src/main/resources/mustaches/model.mustache	798f5ac59f7a	1204	45	codegen	template	7d9074cddf60	2026-08-23	Samuel Cunha	1	1
codegen/src/main/resources/mustaches/pathParams.mustache	e1639375df9c	356	1	codegen	template	7d9074cddf60	2026-08-23	Samuel Cunha	1	1
codegen/src/main/resources/mustaches/pojo.mustache	01d5e8577f68	2737	83	codegen	template	3b4481f00f36	2026-08-23	Samuel Cunha	2	1
codegen/src/main/resources/mustaches/queryParams.mustache	313a17022b8b	631	1	codegen	template	7d9074cddf60	2026-08-23	Samuel Cunha	1	1
codegen/src/main/resources/mustaches/responseType.mustache	29e373d111bf	663	1	codegen	template	7d9074cddf60	2026-08-23	Samuel Cunha	1	1
core/pom.xml	a40308ed72da	5071	141	core	build	ba8b66d8364c	2026-08-22	Samuel Cunha	1	1
core/src/main/java/br/com/sawcunhaos/foundation/core/enums/Constant.java	39274f315aa6	243	14	core	codigo	3b4481f00f36	2026-08-23	Samuel Cunha	1	1
core/src/main/java/br/com/sawcunhaos/foundation/core/enums/ScosExceptionCode.java	14c87b14d1b9	2588	66	core	codigo	1d2b8f608757	2026-08-23	Samuel Cunha	3	1
core/src/main/java/br/com/sawcunhaos/foundation/core/enums/SpecificationFunction.java	84a3939ac5f4	814	34	core	codigo	8726a9c5b2ce	2026-08-23	Samuel Cunha	2	1
core/src/main/java/br/com/sawcunhaos/foundation/core/enums/ValueType.java	393b2ab26836	486	19	core	codigo	7d9074cddf60	2026-08-23	Samuel Cunha	1	1
core/src/main/java/br/com/sawcunhaos/foundation/core/exception/MethodNotImplementedException.java	e47a79fba491	1181	40	core	codigo	562ce4ac3667	2026-08-23	Samuel Cunha	1	1
core/src/main/java/br/com/sawcunhaos/foundation/core/exception/ScosException.java	ce3cf9be2f08	1199	52	core	codigo	764461b21f54	2026-08-22	Samuel Cunha	1	1
core/src/main/java/br/com/sawcunhaos/foundation/core/exception/ScosNoContentException.java	0b210068e71f	711	24	core	codigo	562ce4ac3667	2026-08-23	Samuel Cunha	1	1
core/src/main/java/br/com/sawcunhaos/foundation/core/exception/ScosNoRollbackException.java	166157fa966e	735	27	core	codigo	562ce4ac3667	2026-08-23	Samuel Cunha	1	1
core/src/main/java/br/com/sawcunhaos/foundation/core/exception/ScosSecurityException.java	7695c29650ca	860	31	core	codigo	562ce4ac3667	2026-08-23	Samuel Cunha	1	1
core/src/main/java/br/com/sawcunhaos/foundation/core/sort/PropertiesOrder.java	c4debb1d75fb	500	20	core	codigo	ba8b66d8364c	2026-08-22	Samuel Cunha	1	1
core/src/main/java/br/com/sawcunhaos/foundation/core/specification/ExceptionCode.java	f761b3bac96b	2146	67	core	codigo	764461b21f54	2026-08-22	Samuel Cunha	1	1
core/src/main/java/br/com/sawcunhaos/foundation/core/specification/LocaleService.java	527ac6fe8442	1225	35	core	codigo	82f548b47356	2026-08-23	Samuel Cunha	2	1
core/src/main/java/br/com/sawcunhaos/foundation/core/specification/ScosBaseUseCase.java	a86a4228a79a	463	21	core	codigo	ba8b66d8364c	2026-08-22	Samuel Cunha	1	1
core/src/main/java/br/com/sawcunhaos/foundation/core/specification/ScosUserAuthentication.java	1582558b8a0a	490	19	core	codigo	ba8b66d8364c	2026-08-22	Samuel Cunha	1	1
core/src/main/java/br/com/sawcunhaos/foundation/core/utils/DateUtils.java	cb1bcee49da5	3448	101	core	codigo	ba8b66d8364c	2026-08-22	Samuel Cunha	1	1
core/src/main/java/br/com/sawcunhaos/foundation/core/utils/HashUtils.java	2062ef53fb21	4515	109	core	codigo	ba8b66d8364c	2026-08-22	Samuel Cunha	1	1
core/src/main/java/br/com/sawcunhaos/foundation/core/utils/StringFieldUtils.java	a200ffc9056c	3346	92	core	codigo	035ea05bf924	2026-08-22	Samuel Cunha	2	1
core/src/main/resources/scos_message/scos_utils_messages.properties	c4f801943d59	1019	22	core	config	359836ebec06	2026-08-29	Samuel Cunha	1	1
core/src/main/resources/scos_message/scos_utils_messages_en.properties	a251b24b9381	985	22	core	config	359836ebec06	2026-08-29	Samuel Cunha	1	1
core/src/test/java/br/com/sawcunhaos/foundation/core/ArchitectureTest.java	f64c4a5e16fe	1314	38	core	codigo	ba8b66d8364c	2026-08-22	Samuel Cunha	1	1
core/src/test/java/br/com/sawcunhaos/foundation/core/enums/ScosExceptionCodeTest.java	5bf2d87e14ca	2375	73	core	codigo	764461b21f54	2026-08-22	Samuel Cunha	1	1
core/src/test/java/br/com/sawcunhaos/foundation/core/utils/DateUtilsTest.java	db39236c8097	5221	161	core	codigo	ba8b66d8364c	2026-08-22	Samuel Cunha	1	1
core/src/test/java/br/com/sawcunhaos/foundation/core/utils/StringFieldUtilsTest.java	3ba6fc8e90a7	2204	77	core	codigo	ba8b66d8364c	2026-08-22	Samuel Cunha	1	1
core/src/test/java/br/com/sawcunhaos/foundation/core/utils/dto/TestDTO.java	04717a0c6fd3	727	35	core	codigo	ba8b66d8364c	2026-08-22	Samuel Cunha	1	1
etc/audit/database.md	22bc23fc90e4	3077	85	_raiz	doc	28f9fca9c49d	2026-06-14	Samuel Cunha	1	1
etc/devops/checkstyle/checkstyle.xml	53036219ef1c	20483	389	_raiz	config	639e87730ca5	2026-02-15	Samuel Cunha	0	1
etc/doc/commit-convention.md	64f3770e874b	2769	77	_raiz	doc	094871c35293	2026-08-18	Samuel Cunha	2	1
etc/doc/ideia/20260604_cicd-analise-estatica-qualidade.md	4e3238f5892e	6110	133	_raiz	doc	28f9fca9c49d	2026-06-14	Samuel Cunha	1	1
etc/doc/ideia/20260604_cicd-automacao-release-changelog.md	3baed8025e78	8170	185	_raiz	doc	28f9fca9c49d	2026-06-14	Samuel Cunha	1	1
etc/doc/ideia/20260604_cicd-gitflow-branch-lifecycle.md	d5e0aaa6292a	13253	269	_raiz	doc	28f9fca9c49d	2026-06-14	Samuel Cunha	1	1
etc/doc/ideia/20260604_cicd-integridade-pipeline.md	d9aa794ca9e5	6692	135	_raiz	doc	28f9fca9c49d	2026-06-14	Samuel Cunha	1	1
etc/doc/ideia/20260604_cicd-pr-template-validacao.md	e88c799a4e5c	10438	252	_raiz	doc	28f9fca9c49d	2026-06-14	Samuel Cunha	1	1
etc/doc/ideia/20260604_cicd-pr-validacao-branch.md	fb57daad6e8c	10321	223	_raiz	doc	28f9fca9c49d	2026-06-14	Samuel Cunha	1	1
etc/doc/ideia/20260604_javadoc-modulo-audit.md	9dc1261c4ff0	8329	174	_raiz	doc	e496ebc8917e	2026-06-04	Samuel Cunha	0	1
etc/doc/ideia/20260604_readme-e-skill-modulo-audit.md	33c37788c424	12875	197	_raiz	doc	e496ebc8917e	2026-06-04	Samuel Cunha	0	1
etc/doc/ideia/20260817_jdempotent-chave-por-posicao-payload.md	606f87673719	11384	133	_raiz	doc	a3451e83294c	2026-08-18	Samuel Cunha	1	1
etc/doc/ideia/audit-conformidade-lgpd.md	51a5844feaf3	16774	326	_raiz	doc	e496ebc8917e	2026-06-04	Samuel Cunha	0	1
etc/doc/ideia/privacy-masking-alto-desempenho.md	628febc74964	41142	820	_raiz	doc	68152a9acb28	2026-05-30	Samuel Cunha	0	1
etc/doc/ideia/rfc9457-exception-compliance.md	315cd7bc4549	26465	659	_raiz	doc	d328050e505b	2026-05-29	Samuel Cunha	0	1
etc/doc/plano/plano-ajuste-exception.md	071911dcf9ce	12679	231	_raiz	doc	cbf862e6e18c	2026-08-19	Samuel Cunha	1	1
etc/doc/plano/plano-atualizacao-jdempotent.md	806b15d85524	36985	582	_raiz	doc	cbf862e6e18c	2026-08-19	Samuel Cunha	1	1
etc/doc/plano/plano-decomposicao-utils.md	c454c7fe66f3	21622	365	_raiz	doc	cbf862e6e18c	2026-08-19	Samuel Cunha	1	1
etc/doc/skills/README.md	348bf5aed3d1	2293	31	_raiz	doc	68152a9acb28	2026-05-30	Samuel Cunha	0	1
etc/doc/skills/scos-audit-config/SKILL.md	712b77130867	8263	233	_raiz	doc	e496ebc8917e	2026-06-04	Samuel Cunha	0	1
etc/doc/skills/scos-exception-config/SKILL.md	9fcbcc01e240	2016	68	_raiz	doc	68152a9acb28	2026-05-30	Samuel Cunha	0	1
etc/doc/skills/scos-jdempotent-config/SKILL.md	c29aa48d67a6	2171	69	_raiz	doc	68152a9acb28	2026-05-30	Samuel Cunha	0	1
etc/doc/skills/scos-privacy-config/SKILL.md	a37e6824db53	4254	113	_raiz	doc	68152a9acb28	2026-05-30	Samuel Cunha	0	1
etc/doc/skills/scos-security-config/SKILL.md	ee0ca72397d1	3032	103	_raiz	doc	68152a9acb28	2026-05-30	Samuel Cunha	0	1
etc/doc/skills/scos-utils-config/SKILL.md	19510f977249	3331	96	_raiz	doc	68152a9acb28	2026-05-30	Samuel Cunha	0	1
etc/doc/templates/ideia.md	66287781b274	2263	97	_raiz	doc	e496ebc8917e	2026-06-04	Samuel Cunha	0	1
etc/perf/baseline.json	9ca95a0029fd	709	10	_raiz	nao_classificado	68152a9acb28	2026-05-30	Samuel Cunha	0	1
etc/spotbugs/exclude.xml	4b71905ee55e	706	25	_raiz	config	28f9fca9c49d	2026-06-14	Samuel Cunha	1	1
feign/pom.xml	89c654caeca1	5105	143	feign	build	fb84c23e11b9	2026-08-23	Samuel Cunha	1	1
feign/src/main/java/br/com/sawcunhaos/foundation/feign/JacksonDecoderCustom.java	5887a4a6b98b	2327	68	feign	codigo	fb84c23e11b9	2026-08-23	Samuel Cunha	1	1
feign/src/main/java/br/com/sawcunhaos/foundation/feign/JacksonEncoderCustom.java	28856230a509	1530	46	feign	codigo	fb84c23e11b9	2026-08-23	Samuel Cunha	1	1
feign/src/test/java/br/com/sawcunhaos/foundation/feign/JacksonDecoderCustomTest.java	e84b77f96227	2809	89	feign	codigo	f41276ac8476	2026-08-23	Samuel Cunha	1	1
feign/src/test/java/br/com/sawcunhaos/foundation/feign/JacksonEncoderCustomTest.java	4a9e7b7b9e10	1100	40	feign	codigo	f41276ac8476	2026-08-23	Samuel Cunha	1	1
jdempotent/pom.xml	5a16971e559a	14512	332	jdempotent	build	e369e8adbec6	2026-09-08	Samuel Cunha	10	1
jdempotent/src/main/java/br/com/sawcunhaos/foundation/jdempotent/core/aspect/IdempotentAspect.java	df08d6c5466a	23243	449	jdempotent	codigo	e369e8adbec6	2026-09-08	Samuel Cunha	12	1
jdempotent/src/main/java/br/com/sawcunhaos/foundation/jdempotent/core/callback/ErrorConditionalCallback.java	a3cb86a1b5d9	857	40	jdempotent	codigo	639e87730ca5	2026-02-15	Samuel Cunha	0	1
jdempotent/src/main/java/br/com/sawcunhaos/foundation/jdempotent/core/chain/AnnotationChain.java	f7ee80a462d1	835	29	jdempotent	codigo	639e87730ca5	2026-02-15	Samuel Cunha	0	1
jdempotent/src/main/java/br/com/sawcunhaos/foundation/jdempotent/core/chain/JdempotentDefaultChain.java	76869c1fed1d	968	30	jdempotent	codigo	639e87730ca5	2026-02-15	Samuel Cunha	0	1
jdempotent/src/main/java/br/com/sawcunhaos/foundation/jdempotent/core/chain/JdempotentIdAnnotationChain.java	7ee2429f8bbb	1694	42	jdempotent	codigo	65589ff18aef	2026-09-08	Samuel Cunha	1	1
jdempotent/src/main/java/br/com/sawcunhaos/foundation/jdempotent/core/chain/JdempotentIgnoreAnnotationChain.java	d41b36df766a	1175	34	jdempotent	codigo	637f22c66b71	2026-08-22	Samuel Cunha	1	1
jdempotent/src/main/java/br/com/sawcunhaos/foundation/jdempotent/core/chain/JdempotentNoAnnotationChain.java	499e13e927ab	1130	33	jdempotent	codigo	639e87730ca5	2026-02-15	Samuel Cunha	0	1
jdempotent/src/main/java/br/com/sawcunhaos/foundation/jdempotent/core/chain/JdempotentPropertyAnnotationChain.java	46dd65adb5d7	1242	35	jdempotent	codigo	637f22c66b71	2026-08-22	Samuel Cunha	1	1
jdempotent/src/main/java/br/com/sawcunhaos/foundation/jdempotent/core/constant/CryptographyAlgorithm.java	c603a1e61ee7	1649	65	jdempotent	codigo	65589ff18aef	2026-09-08	Samuel Cunha	1	1
jdempotent/src/main/java/br/com/sawcunhaos/foundation/jdempotent/core/constant/RepositoryType.java	2d9610512959	1249	60	jdempotent	codigo	639e87730ca5	2026-02-15	Samuel Cunha	0	1
jdempotent/src/main/java/br/com/sawcunhaos/foundation/jdempotent/core/datasource/AbstractIdempotentRepository.java	68eb6221526b	8750	168	jdempotent	codigo	ec2a66ce9fad	2026-09-09	Samuel Cunha	3	1
jdempotent/src/main/java/br/com/sawcunhaos/foundation/jdempotent/core/datasource/IdempotentRepository.java	c57287f327c0	3680	92	jdempotent	codigo	ec2a66ce9fad	2026-09-09	Samuel Cunha	3	1
jdempotent/src/main/java/br/com/sawcunhaos/foundation/jdempotent/core/datasource/InMemoryIdempotentRepository.java	1bbd8d7b46c7	1174	40	jdempotent	codigo	639e87730ca5	2026-02-15	Samuel Cunha	0	1
jdempotent/src/main/java/br/com/sawcunhaos/foundation/jdempotent/core/exception/IdempotentInProgressException.java	3551c0bb4bd8	1424	40	jdempotent	codigo	6dd3d83ddd5c	2026-08-29	Samuel Cunha	1	1
jdempotent/src/main/java/br/com/sawcunhaos/foundation/jdempotent/core/exception/IdempotentPayloadMismatchException.java	9eeea7fe45b6	1870	46	jdempotent	codigo	a1ccb07614a6	2026-08-30	Samuel Cunha	1	1
jdempotent/src/main/java/br/com/sawcunhaos/foundation/jdempotent/core/exception/IdempotentReplayedFailureException.java	2c7d40920089	1433	39	jdempotent	codigo	2f03f3317ca0	2026-08-30	Samuel Cunha	1	1
jdempotent/src/main/java/br/com/sawcunhaos/foundation/jdempotent/core/generator/DefaultKeyGenerator.java	7c2c06356e07	2658	81	jdempotent	codigo	2686e1f8b31f	2026-08-30	Samuel Cunha	3	1
jdempotent/src/main/java/br/com/sawcunhaos/foundation/jdempotent/core/generator/IdempotencyKeyResolver.java	59eee3068503	10034	180	jdempotent	codigo	e369e8adbec6	2026-09-08	Samuel Cunha	2	1
jdempotent/src/main/java/br/com/sawcunhaos/foundation/jdempotent/core/generator/KeyGenerator.java	65f639e44a40	975	37	jdempotent	codigo	639e87730ca5	2026-02-15	Samuel Cunha	0	1
jdempotent/src/main/java/br/com/sawcunhaos/foundation/jdempotent/core/listener/JdempotentAnnotationCountListener.java	1c6d91947778	4394	95	jdempotent	codigo	d97e006ed624	2026-08-23	Samuel Cunha	1	1
jdempotent/src/main/java/br/com/sawcunhaos/foundation/jdempotent/core/metrics/IdempotencyMetrics.java	c83b79538bf0	3267	83	jdempotent	codigo	d39fb496012f	2026-09-06	Samuel Cunha	1	1
jdempotent/src/main/java/br/com/sawcunhaos/foundation/jdempotent/core/metrics/MicrometerIdempotencyMetrics.java	7f7a8aaa1cf8	3815	100	jdempotent	codigo	d39fb496012f	2026-09-06	Samuel Cunha	1	1
jdempotent/src/main/java/br/com/sawcunhaos/foundation/jdempotent/core/metrics/NoOpIdempotencyMetrics.java	c7b3b6b1f4d8	1331	60	jdempotent	codigo	d39fb496012f	2026-09-06	Samuel Cunha	1	1
jdempotent/src/main/java/br/com/sawcunhaos/foundation/jdempotent/core/model/CachedBusinessFailure.java	c17e9a8b6ffd	3104	77	jdempotent	codigo	2f03f3317ca0	2026-08-30	Samuel Cunha	1	1
jdempotent/src/main/java/br/com/sawcunhaos/foundation/jdempotent/core/model/ChainData.java	3d375bdc309a	709	33	jdempotent	codigo	639e87730ca5	2026-02-15	Samuel Cunha	0	1
jdempotent/src/main/java/br/com/sawcunhaos/foundation/jdempotent/core/model/IdempotencyKey.java	91f551465849	1692	71	jdempotent	codigo	639e87730ca5	2026-02-15	Samuel Cunha	0	1
jdempotent/src/main/java/br/com/sawcunhaos/foundation/jdempotent/core/model/IdempotentIgnorableWrapper.java	cdc3baafd905	1715	60	jdempotent	codigo	65589ff18aef	2026-09-08	Samuel Cunha	1	1
jdempotent/src/main/java/br/com/sawcunhaos/foundation/jdempotent/core/model/IdempotentRequestResponseWrapper.java	6a4f81484a69	2506	76	jdempotent	codigo	ec2a66ce9fad	2026-09-09	Samuel Cunha	3	1
jdempotent/src/main/java/br/com/sawcunhaos/foundation/jdempotent/core/model/IdempotentRequestWrapper.java	62d53b4bb155	2152	77	jdempotent	codigo	ec2a66ce9fad	2026-09-09	Samuel Cunha	2	1
jdempotent/src/main/java/br/com/sawcunhaos/foundation/jdempotent/core/model/IdempotentResponseWrapper.java	ab5dfa6d2bca	1319	55	jdempotent	codigo	84f91c099c51	2026-08-30	Samuel Cunha	1	1
jdempotent/src/main/java/br/com/sawcunhaos/foundation/jdempotent/core/model/KeyValuePair.java	764eb1893a86	669	29	jdempotent	codigo	639e87730ca5	2026-02-15	Samuel Cunha	0	1
jdempotent/src/main/java/br/com/sawcunhaos/foundation/jdempotent/core/model/Lease.java	2ec1cbd94aaf	5327	118	jdempotent	codigo	a1ccb07614a6	2026-08-30	Samuel Cunha	2	1
jdempotent/src/main/java/br/com/sawcunhaos/foundation/jdempotent/redis/configuration/ScosJdempotentConfig.java	29fbe79e5129	3986	80	jdempotent	codigo	d39fb496012f	2026-09-06	Samuel Cunha	3	1
jdempotent/src/main/java/br/com/sawcunhaos/foundation/jdempotent/redis/configuration/ScosJdempotentMetricsConfiguration.java	cb0cbf0cd613	3369	68	jdempotent	codigo	d39fb496012f	2026-09-06	Samuel Cunha	1	1
jdempotent/src/main/java/br/com/sawcunhaos/foundation/jdempotent/redis/configuration/ScosJdempotentProperties.java	775133b09096	2735	59	jdempotent	codigo	2686e1f8b31f	2026-08-30	Samuel Cunha	1	1
jdempotent/src/main/java/br/com/sawcunhaos/foundation/jdempotent/redis/configuration/ScosJdempotentRedisConfiguration.java	59d33df174af	7164	158	jdempotent	codigo	10598982470e	2026-08-29	Samuel Cunha	2	1
jdempotent/src/main/java/br/com/sawcunhaos/foundation/jdempotent/redis/configuration/ScosJdempotentRedisEnvironmentPostProcessor.java	59f3859497f1	5053	96	jdempotent	codigo	721ef0c6adfe	2026-09-08	Samuel Cunha	2	1
jdempotent/src/main/java/br/com/sawcunhaos/foundation/jdempotent/redis/configuration/ScosJdempotentRedisProperties.java	70c850e710bc	4809	98	jdempotent	codigo	9a9ab58bf68a	2026-09-08	Samuel Cunha	1	1
jdempotent/src/main/java/br/com/sawcunhaos/foundation/jdempotent/redis/repository/RedisIdempotentRepository.java	1e074803069f	20188	362	jdempotent	codigo	d39fb496012f	2026-09-06	Samuel Cunha	5	1
jdempotent/src/main/resources/META-INF/spring.factories	f96d4993d558	1070	14	jdempotent	nao_classificado	721ef0c6adfe	2026-09-08	Samuel Cunha	1	1
jdempotent/src/main/resources/META-INF/spring/org.springframework.boot.autoconfigure.AutoConfiguration.imports	7dbc9586a127	452	6	jdempotent	nao_classificado	721ef0c6adfe	2026-09-08	Samuel Cunha	4	1
jdempotent/src/test/java/br/com/sawcunhaos/foundation/jdempotent/core/aspect/IdempotentAspectTest.java	1c80e16280b9	18730	358	jdempotent	codigo	ec2a66ce9fad	2026-09-09	Samuel Cunha	5	1
jdempotent/src/test/java/br/com/sawcunhaos/foundation/jdempotent/core/aspect/IdempotentAspectTransactionalRollbackTest.java	062f34c9ca8c	10662	203	jdempotent	codigo	d03c9cdea672	2026-08-30	Samuel Cunha	1	1
jdempotent/src/test/java/br/com/sawcunhaos/foundation/jdempotent/core/aspect/IdempotentAspectUTTest.java	1f791895524d	23441	471	jdempotent	codigo	e369e8adbec6	2026-09-08	Samuel Cunha	8	1
jdempotent/src/test/java/br/com/sawcunhaos/foundation/jdempotent/core/aspect/IdempotentWithoutAspectTest.java	abbc5699c654	1945	47	jdempotent	codigo	af94ffaabff5	2026-08-29	Samuel Cunha	1	1
jdempotent/src/test/java/br/com/sawcunhaos/foundation/jdempotent/core/aspect/RollbackTrackingTransactionManager.java	d221010d2945	2444	74	jdempotent	codigo	d03c9cdea672	2026-08-30	Samuel Cunha	1	1
jdempotent/src/test/java/br/com/sawcunhaos/foundation/jdempotent/core/aspect/TestAopContext.java	5bad52daf323	1490	44	jdempotent	codigo	639e87730ca5	2026-02-15	Samuel Cunha	0	1
jdempotent/src/test/java/br/com/sawcunhaos/foundation/jdempotent/core/aspect/TestAopTransactionalContext.java	2d09124a42c1	2150	58	jdempotent	codigo	d03c9cdea672	2026-08-30	Samuel Cunha	1	1
jdempotent/src/test/java/br/com/sawcunhaos/foundation/jdempotent/core/callback/IdempotentAspectWithErrorCallbackTest.java	da72a22fa301	4410	100	jdempotent	codigo	af94ffaabff5	2026-08-29	Samuel Cunha	1	1
jdempotent/src/test/java/br/com/sawcunhaos/foundation/jdempotent/core/callback/TestAopWithErrorCallbackContext.java	2edd12b43f1e	1819	50	jdempotent	codigo	639e87730ca5	2026-02-15	Samuel Cunha	0	1
jdempotent/src/test/java/br/com/sawcunhaos/foundation/jdempotent/core/callback/TestCustomErrorCallback.java	7033c480967e	1180	36	jdempotent	codigo	639e87730ca5	2026-02-15	Samuel Cunha	0	1
jdempotent/src/test/java/br/com/sawcunhaos/foundation/jdempotent/core/chain/JdempotentDefaultChainTest.java	92b0c2c13083	2395	66	jdempotent	codigo	639e87730ca5	2026-02-15	Samuel Cunha	0	1
jdempotent/src/test/java/br/com/sawcunhaos/foundation/jdempotent/core/chain/JdempotentIdAnnotationChainTest.java	7cdfdac5cf83	2834	75	jdempotent	codigo	65589ff18aef	2026-09-08	Samuel Cunha	1	1
jdempotent/src/test/java/br/com/sawcunhaos/foundation/jdempotent/core/chain/JdempotentIgnoreAnnotationChainTest.java	0a5da627066f	2670	73	jdempotent	codigo	639e87730ca5	2026-02-15	Samuel Cunha	0	1
jdempotent/src/test/java/br/com/sawcunhaos/foundation/jdempotent/core/chain/JdempotentNoAnnotationChainTest.java	29a430147981	2713	78	jdempotent	codigo	639e87730ca5	2026-02-15	Samuel Cunha	0	1
jdempotent/src/test/java/br/com/sawcunhaos/foundation/jdempotent/core/chain/JdempotentPropertyAnnotationChainTest.java	0d482b960546	2461	66	jdempotent	codigo	639e87730ca5	2026-02-15	Samuel Cunha	0	1
jdempotent/src/test/java/br/com/sawcunhaos/foundation/jdempotent/core/datasource/InMemoryIdempotentRepositoryTryAcquireTest.java	407d67953855	10023	224	jdempotent	codigo	ec2a66ce9fad	2026-09-09	Samuel Cunha	3	1
jdempotent/src/test/java/br/com/sawcunhaos/foundation/jdempotent/core/datasource/InMemoryIdempotentRepositoryTtlTest.java	7ba9f75f8619	10007	198	jdempotent	codigo	ec2a66ce9fad	2026-09-09	Samuel Cunha	1	1
jdempotent/src/test/java/br/com/sawcunhaos/foundation/jdempotent/core/exception/IdempotentPayloadMismatchExceptionTest.java	1ada462e26a8	1539	46	jdempotent	codigo	a1ccb07614a6	2026-08-30	Samuel Cunha	1	1
jdempotent/src/test/java/br/com/sawcunhaos/foundation/jdempotent/core/generator/DefaultKeyGeneratorTest.java	3f1a16e29e8a	4511	97	jdempotent	codigo	2686e1f8b31f	2026-08-30	Samuel Cunha	2	1
jdempotent/src/test/java/br/com/sawcunhaos/foundation/jdempotent/core/generator/IdempotencyKeyResolverHeaderSourceTest.java	952182060b62	9688	194	jdempotent	codigo	e369e8adbec6	2026-09-08	Samuel Cunha	1	1
jdempotent/src/test/java/br/com/sawcunhaos/foundation/jdempotent/core/generator/IdempotencyKeyResolverTest.java	76c76c250605	5012	123	jdempotent	codigo	65589ff18aef	2026-09-08	Samuel Cunha	1	1
jdempotent/src/test/java/br/com/sawcunhaos/foundation/jdempotent/core/listener/JdempotentAnnotationCountListenerTest.java	2c3297ca3c22	1138	41	jdempotent	codigo	d97e006ed624	2026-08-23	Samuel Cunha	1	1
jdempotent/src/test/java/br/com/sawcunhaos/foundation/jdempotent/core/listener/empty/SampleNoJdempotentUsage.java	c0e8583279ca	759	29	jdempotent	codigo	d97e006ed624	2026-08-23	Samuel Cunha	1	1
jdempotent/src/test/java/br/com/sawcunhaos/foundation/jdempotent/core/listener/sample/SampleJdempotentUsage.java	97352d3bf7fa	972	40	jdempotent	codigo	d97e006ed624	2026-08-23	Samuel Cunha	1	1
jdempotent/src/test/java/br/com/sawcunhaos/foundation/jdempotent/core/metrics/MicrometerIdempotencyMetricsTest.java	a319f9be79e8	2703	72	jdempotent	codigo	d39fb496012f	2026-09-06	Samuel Cunha	1	1
jdempotent/src/test/java/br/com/sawcunhaos/foundation/jdempotent/core/model/IdempotentRequestWrapperTest.java	a88217b22dcb	2679	75	jdempotent	codigo	ec2a66ce9fad	2026-09-09	Samuel Cunha	1	1
jdempotent/src/test/java/br/com/sawcunhaos/foundation/jdempotent/core/utils/IdempotentTestPayload.java	d7787f2aafb5	1272	43	jdempotent	codigo	65589ff18aef	2026-09-08	Samuel Cunha	2	1
jdempotent/src/test/java/br/com/sawcunhaos/foundation/jdempotent/core/utils/TestException.java	56651be265d7	598	25	jdempotent	codigo	639e87730ca5	2026-02-15	Samuel Cunha	0	1
jdempotent/src/test/java/br/com/sawcunhaos/foundation/jdempotent/core/utils/TestIdempotentResource.java	6d01988438f7	4006	95	jdempotent	codigo	ec2a66ce9fad	2026-09-09	Samuel Cunha	4	1
jdempotent/src/test/java/br/com/sawcunhaos/foundation/jdempotent/core/utils/TestTransactionalIdempotentResource.java	ed09b1b58423	1331	40	jdempotent	codigo	d03c9cdea672	2026-08-30	Samuel Cunha	1	1
jdempotent/src/test/java/br/com/sawcunhaos/foundation/jdempotent/redis/configuration/ScosJdempotentConfigTest.java	00e96fdc690e	3521	71	jdempotent	codigo	9a9ab58bf68a	2026-09-08	Samuel Cunha	4	1
jdempotent/src/test/java/br/com/sawcunhaos/foundation/jdempotent/redis/configuration/ScosJdempotentMetricsConfigurationTest.java	4bb7bc4efa4e	3426	78	jdempotent	codigo	d39fb496012f	2026-09-06	Samuel Cunha	1	1
jdempotent/src/test/java/br/com/sawcunhaos/foundation/jdempotent/redis/configuration/ScosJdempotentPropertiesTest.java	7e156aa7e4f0	6418	116	jdempotent	codigo	9a9ab58bf68a	2026-09-08	Samuel Cunha	3	1
jdempotent/src/test/java/br/com/sawcunhaos/foundation/jdempotent/redis/configuration/ScosJdempotentRedisConfigurationTest.java	e0482b9c41f2	6755	146	jdempotent	codigo	a58cc8115480	2026-08-30	Samuel Cunha	3	1
jdempotent/src/test/java/br/com/sawcunhaos/foundation/jdempotent/redis/configuration/ScosJdempotentRedisEnvironmentPostProcessorRegistrationTest.java	c086f679b6ad	4015	79	jdempotent	codigo	721ef0c6adfe	2026-09-08	Samuel Cunha	1	1
jdempotent/src/test/java/br/com/sawcunhaos/foundation/jdempotent/redis/configuration/ScosJdempotentRedisPropertiesTest.java	ec59bf61e65d	5378	108	jdempotent	codigo	9a9ab58bf68a	2026-09-08	Samuel Cunha	1	1
jdempotent/src/test/java/br/com/sawcunhaos/foundation/jdempotent/redis/repository/RedisIdempotentRepositoryFailOpenITTest.java	7ead6a083e8f	16371	287	jdempotent	codigo	84f91c099c51	2026-08-30	Samuel Cunha	1	1
jdempotent/src/test/java/br/com/sawcunhaos/foundation/jdempotent/redis/repository/RedisIdempotentRepositoryTest.java	af7b77c26d14	25715	509	jdempotent	codigo	d39fb496012f	2026-09-06	Samuel Cunha	3	1
jdempotent/src/test/java/br/com/sawcunhaos/foundation/jdempotent/redis/repository/RedisIdempotentRepositoryTopologyITTest.java	bf8d20cf9820	16575	323	jdempotent	codigo	2f03f3317ca0	2026-08-30	Samuel Cunha	8	1
jdempotent/src/test/java/br/com/sawcunhaos/foundation/jdempotent/redis/repository/RedisIdempotentRepositoryTopologySmokeITTest.java	9ce912d60dc0	16293	325	jdempotent	codigo	a58cc8115480	2026-08-30	Samuel Cunha	1	1
jdempotent/src/test/java/br/com/sawcunhaos/foundation/jdempotent/redis/repository/RedisIdempotentRepositoryTpsSpringContextITTest.java	7428b4fbbe8f	5930	133	jdempotent	codigo	6e7540dd17c8	2026-08-30	Samuel Cunha	3	1
jdempotent/src/test/java/br/com/sawcunhaos/foundation/jdempotent/redis/repository/RedisIdempotentRepositoryTpsSweepITTest.java	ebbedf0bb1ca	7822	161	jdempotent	codigo	b3b4a3b88e6c	2026-08-30	Samuel Cunha	2	1
jdempotent/src/test/java/br/com/sawcunhaos/foundation/jdempotent/redis/repository/RedisTemplateMocker.java	bab3dacf4c7f	2630	60	jdempotent	codigo	639e87730ca5	2026-02-15	Samuel Cunha	0	1
jdempotent/src/test/java/br/com/sawcunhaos/foundation/jdempotent/redis/repository/SentinelContainerFixture.java	fd89824c6313	4409	94	jdempotent	codigo	a58cc8115480	2026-08-30	Samuel Cunha	1	1
jdempotent/src/test/java/br/com/sawcunhaos/foundation/jdempotent/redis/test/PrimeNumbersJdempotentDisableITTest.java	14bec94e3b2e	4150	108	jdempotent	codigo	a58cc8115480	2026-08-30	Samuel Cunha	2	1
jdempotent/src/test/java/br/com/sawcunhaos/foundation/jdempotent/redis/test/PrimeNumbersJdempotentEnableITTest.java	8235d2d3d6b8	6679	152	jdempotent	codigo	2686e1f8b31f	2026-08-30	Samuel Cunha	3	1
jdempotent/src/test/java/br/com/sawcunhaos/foundation/jdempotent/redis/test/PrimeNumbersJdempotentRedisUnavailableITTest.java	dfd9982da164	4880	115	jdempotent	codigo	84f91c099c51	2026-08-30	Samuel Cunha	1	1
jdempotent/src/test/java/br/com/sawcunhaos/foundation/jdempotent/redis/test/app/JdempotentTestApplication.java	5b9bee16cd95	1377	39	jdempotent	codigo	639e87730ca5	2026-02-15	Samuel Cunha	0	1
jdempotent/src/test/java/br/com/sawcunhaos/foundation/jdempotent/redis/test/app/controller/PrimeNumbersController.java	b624fb9ad22f	1602	41	jdempotent	codigo	637f22c66b71	2026-08-22	Samuel Cunha	1	1
jdempotent/src/test/java/br/com/sawcunhaos/foundation/jdempotent/redis/test/app/exception/CustomExceptionHandler.java	02e617de154d	1465	38	jdempotent	codigo	639e87730ca5	2026-02-15	Samuel Cunha	0	1
jdempotent/src/test/java/br/com/sawcunhaos/foundation/jdempotent/redis/test/app/model/ErrorResponse.java	a55c1e020770	839	36	jdempotent	codigo	639e87730ca5	2026-02-15	Samuel Cunha	0	1
jdempotent/src/test/java/br/com/sawcunhaos/foundation/jdempotent/redis/test/app/model/PrimeNumberResponse.java	ed534b4dfe6a	790	35	jdempotent	codigo	639e87730ca5	2026-02-15	Samuel Cunha	0	1
jdempotent/src/test/java/br/com/sawcunhaos/foundation/jdempotent/redis/test/app/service/PrimeNumberService.java	d862cf2c6b4b	1392	47	jdempotent	codigo	639e87730ca5	2026-02-15	Samuel Cunha	0	1
jdempotent/src/test/resources/application.yml	ff7dd129b5c4	1603	39	jdempotent	config	721ef0c6adfe	2026-09-08	Samuel Cunha	3	1
jdempotent/src/test/resources/logback-spring.xml	e9c1fac9e11a	1316	30	jdempotent	config	639e87730ca5	2026-02-15	Samuel Cunha	0	1
jdempotent/src/test/resources/testcontainer.properties	cb547a105fb2	377	15	jdempotent	config	639e87730ca5	2026-02-15	Samuel Cunha	0	1
jdempotent-api/README.md	72a3f51106f5	1789	29	jdempotent-api	doc	e369e8adbec6	2026-09-08	Samuel Cunha	2	1
jdempotent-api/pom.xml	1c7e3dfd9db6	4065	113	jdempotent-api	build	637f22c66b71	2026-08-22	Samuel Cunha	1	1
jdempotent-api/src/main/java/br/com/sawcunhaos/foundation/jdempotent/api/IdempotentFailurePolicy.java	92432c0fe1d8	1049	35	jdempotent-api	codigo	2f03f3317ca0	2026-08-30	Samuel Cunha	1	1
jdempotent-api/src/main/java/br/com/sawcunhaos/foundation/jdempotent/api/IdempotentKeyMismatchPolicy.java	bf4248ca4b3e	2526	48	jdempotent-api	codigo	e369e8adbec6	2026-09-08	Samuel Cunha	1	1
jdempotent-api/src/main/java/br/com/sawcunhaos/foundation/jdempotent/api/JdempotentId.java	b6d275aa7533	729	29	jdempotent-api	codigo	637f22c66b71	2026-08-22	Samuel Cunha	1	1
jdempotent-api/src/main/java/br/com/sawcunhaos/foundation/jdempotent/api/JdempotentIgnore.java	79a2e6772e86	716	29	jdempotent-api	codigo	637f22c66b71	2026-08-22	Samuel Cunha	1	1
jdempotent-api/src/main/java/br/com/sawcunhaos/foundation/jdempotent/api/JdempotentProperty.java	8585eb285187	778	30	jdempotent-api	codigo	637f22c66b71	2026-08-22	Samuel Cunha	1	1
jdempotent-api/src/main/java/br/com/sawcunhaos/foundation/jdempotent/api/JdempotentRequestPayload.java	7990d9d8e121	753	28	jdempotent-api	codigo	637f22c66b71	2026-08-22	Samuel Cunha	1	1
jdempotent-api/src/main/java/br/com/sawcunhaos/foundation/jdempotent/api/JdempotentResource.java	e47283db6997	2681	88	jdempotent-api	codigo	e369e8adbec6	2026-09-08	Samuel Cunha	3	1
jdempotent-api/src/main/java/br/com/sawcunhaos/foundation/jdempotent/api/KeySource.java	459cd6e52776	1382	37	jdempotent-api	codigo	e369e8adbec6	2026-09-08	Samuel Cunha	1	1
jdempotent-api/src/test/java/br/com/sawcunhaos/foundation/jdempotent/api/ArchitectureTest.java	3a4ee8871def	2000	51	jdempotent-api	codigo	637f22c66b71	2026-08-22	Samuel Cunha	1	1
jpa/pom.xml	a895fec1e646	7498	192	jpa	build	677387cafbac	2026-08-23	Samuel Cunha	1	1
jpa/src/main/java/br/com/sawcunhaos/foundation/jpa/SpecificationRepository.java	fedfdf0abaa3	3088	79	jpa	codigo	677387cafbac	2026-08-23	Samuel Cunha	1	1
jpa/src/main/java/br/com/sawcunhaos/foundation/jpa/entity/BaseEntity.java	fb72b4656b8d	1284	49	jpa	codigo	e4b2bf4d03ab	2026-09-08	Samuel Cunha	2	1
jpa/src/main/java/br/com/sawcunhaos/foundation/jpa/hibernate/JacksonCustomJsonFormatMapper.java	71f7c06aa19b	2679	76	jpa	codigo	677387cafbac	2026-08-23	Samuel Cunha	1	1
jpa/src/main/java/br/com/sawcunhaos/foundation/jpa/liquibase/BaseLiquibaseProperties.java	d3b6217ba2c7	11889	449	jpa	codigo	677387cafbac	2026-08-23	Samuel Cunha	1	1
privacy/.jqwik-database	711006c3d3b5	4	1	privacy	nao_classificado	68152a9acb28	2026-05-30	Samuel Cunha	0	1
privacy/AGENTS.md	3b07f6aaffe2	744	16	privacy	doc	60d4a74993f7	2026-08-29	Samuel Cunha	1	1
privacy/README.md	07650278e6ee	13010	348	privacy	doc	68152a9acb28	2026-05-30	Samuel Cunha	0	1
privacy/pom.xml	0b9e1f55e59a	9675	248	privacy	build	d12da418da67	2026-08-22	Samuel Cunha	2	1
privacy/src/jmh/java/br/com/sawcunhaos/foundation/privacy/jmh/MaskingEngineBenchmark.java	dd4e6ad9a069	2813	77	privacy	codigo	68152a9acb28	2026-05-30	Samuel Cunha	0	1
privacy/src/main/java/br/com/sawcunhaos/foundation/privacy/DataMaskingService.java	036abc15d3e3	2476	82	privacy	codigo	68152a9acb28	2026-05-30	Samuel Cunha	0	1
privacy/src/main/java/br/com/sawcunhaos/foundation/privacy/SanitizationBodyComponent.java	a21956775f9f	1185	40	privacy	codigo	68152a9acb28	2026-05-30	Samuel Cunha	0	1
privacy/src/main/java/br/com/sawcunhaos/foundation/privacy/SanitizationHeadersComponent.java	282815697943	1450	47	privacy	codigo	68152a9acb28	2026-05-30	Samuel Cunha	0	1
privacy/src/main/java/br/com/sawcunhaos/foundation/privacy/config/BuiltinPackLoader.java	1c64491fc7d6	6422	166	privacy	codigo	28f9fca9c49d	2026-06-14	Samuel Cunha	1	1
privacy/src/main/java/br/com/sawcunhaos/foundation/privacy/config/PrivacyConfig.java	9df4d31ecade	7004	240	privacy	codigo	28f9fca9c49d	2026-06-14	Samuel Cunha	1	1
privacy/src/main/java/br/com/sawcunhaos/foundation/privacy/config/PrivacyConfigException.java	c0180774bde4	1003	33	privacy	codigo	68152a9acb28	2026-05-30	Samuel Cunha	0	1
privacy/src/main/java/br/com/sawcunhaos/foundation/privacy/config/PrivacyConfigLoader.java	10f966075aa5	12124	279	privacy	codigo	28f9fca9c49d	2026-06-14	Samuel Cunha	1	1
privacy/src/main/java/br/com/sawcunhaos/foundation/privacy/config/ReDoSGuard.java	eab96097c24a	2885	66	privacy	codigo	68152a9acb28	2026-05-30	Samuel Cunha	0	1
privacy/src/main/java/br/com/sawcunhaos/foundation/privacy/core/AhoCorasick.java	f42ddeb16ba1	4716	139	privacy	codigo	68152a9acb28	2026-05-30	Samuel Cunha	0	1
privacy/src/main/java/br/com/sawcunhaos/foundation/privacy/core/DocumentValidators.java	1f8644bc7bdc	4884	149	privacy	codigo	68152a9acb28	2026-05-30	Samuel Cunha	0	1
privacy/src/main/java/br/com/sawcunhaos/foundation/privacy/core/JsonMasker.java	846cf4a3d051	3107	94	privacy	codigo	d12da418da67	2026-08-22	Samuel Cunha	1	1
privacy/src/main/java/br/com/sawcunhaos/foundation/privacy/core/MaskStrategies.java	cac990bee435	5666	148	privacy	codigo	68152a9acb28	2026-05-30	Samuel Cunha	0	1
privacy/src/main/java/br/com/sawcunhaos/foundation/privacy/core/MaskingEngine.java	0978e0729124	17199	412	privacy	codigo	68152a9acb28	2026-05-30	Samuel Cunha	0	1
privacy/src/main/java/br/com/sawcunhaos/foundation/privacy/crypto/JasyptCryptoKeyProvider.java	42da6c7768e9	2719	79	privacy	codigo	28f9fca9c49d	2026-06-14	Samuel Cunha	1	1
privacy/src/main/java/br/com/sawcunhaos/foundation/privacy/crypto/ScosCryptoKeyProvider.java	87b50f361989	1491	45	privacy	codigo	68152a9acb28	2026-05-30	Samuel Cunha	0	1
privacy/src/main/java/br/com/sawcunhaos/foundation/privacy/crypto/ScosFieldCipher.java	7d7dbcc09cce	4687	117	privacy	codigo	68152a9acb28	2026-05-30	Samuel Cunha	0	1
privacy/src/main/java/br/com/sawcunhaos/foundation/privacy/logback/ScosMaskingConverter.java	5d115dc7bb4f	1600	41	privacy	codigo	68152a9acb28	2026-05-30	Samuel Cunha	0	1
privacy/src/main/java/br/com/sawcunhaos/foundation/privacy/logback/ScosMaskingConverterSupport.java	09a8514d0bc2	3009	73	privacy	codigo	68152a9acb28	2026-05-30	Samuel Cunha	0	1
privacy/src/main/java/br/com/sawcunhaos/foundation/privacy/logback/ScosMaskingMdcConverter.java	ae3b75fc4972	1870	53	privacy	codigo	68152a9acb28	2026-05-30	Samuel Cunha	0	1
privacy/src/main/java/br/com/sawcunhaos/foundation/privacy/model/DataMask.java	496bca91e952	5074	122	privacy	codigo	68152a9acb28	2026-05-30	Samuel Cunha	0	1
privacy/src/main/java/br/com/sawcunhaos/foundation/privacy/model/MaskStrategy.java	ed052f7407bb	2966	76	privacy	codigo	68152a9acb28	2026-05-30	Samuel Cunha	0	1
privacy/src/main/java/br/com/sawcunhaos/foundation/privacy/specification/DataMaskingValues.java	5eedbfd7419f	1761	60	privacy	codigo	68152a9acb28	2026-05-30	Samuel Cunha	0	1
privacy/src/main/java/br/com/sawcunhaos/foundation/privacy/spring/ScosPrivacyAutoConfiguration.java	7c88d12b946d	6722	151	privacy	codigo	68152a9acb28	2026-05-30	Samuel Cunha	0	1
privacy/src/main/java/br/com/sawcunhaos/foundation/privacy/spring/ScosPrivacyProperties.java	5ea8aed8f756	4408	133	privacy	codigo	28f9fca9c49d	2026-06-14	Samuel Cunha	1	1
privacy/src/main/resources/privacy-masking.yml	2ac872e979c9	1671	49	privacy	config	68152a9acb28	2026-05-30	Samuel Cunha	0	1
privacy/src/main/resources/META-INF/additional-spring-configuration-metadata.json	7a1a5f7a61d6	1657	45	privacy	nao_classificado	68152a9acb28	2026-05-30	Samuel Cunha	0	1
privacy/src/main/resources/META-INF/spring/org.springframework.boot.autoconfigure.AutoConfiguration.imports	a328cd16c76b	73	2	privacy	nao_classificado	68152a9acb28	2026-05-30	Samuel Cunha	0	1
privacy/src/main/resources/privacy-builtins/br.yml	a0d1df79e65c	1240	48	privacy	config	68152a9acb28	2026-05-30	Samuel Cunha	0	1
privacy/src/main/resources/privacy-builtins/eu.yml	942650cf3993	336	14	privacy	config	68152a9acb28	2026-05-30	Samuel Cunha	0	1
privacy/src/main/resources/privacy-builtins/generic.yml	4c71082dc93a	976	31	privacy	config	68152a9acb28	2026-05-30	Samuel Cunha	0	1
privacy/src/main/resources/privacy-builtins/in.yml	3350c8eb6019	319	14	privacy	config	68152a9acb28	2026-05-30	Samuel Cunha	0	1
privacy/src/main/resources/privacy-builtins/uk.yml	778f9cd7efd5	337	14	privacy	config	68152a9acb28	2026-05-30	Samuel Cunha	0	1
privacy/src/main/resources/privacy-builtins/us.yml	4f2bb8b662a7	565	24	privacy	config	68152a9acb28	2026-05-30	Samuel Cunha	0	1
privacy/src/test/java/br/com/sawcunhaos/foundation/privacy/config/BuiltinPackLoaderTest.java	a5b391b72b75	1910	54	privacy	codigo	28f9fca9c49d	2026-06-14	Samuel Cunha	1	1
privacy/src/test/java/br/com/sawcunhaos/foundation/privacy/config/PrivacyConfigLoaderTest.java	42f079ad44f4	3802	124	privacy	codigo	68152a9acb28	2026-05-30	Samuel Cunha	0	1
privacy/src/test/java/br/com/sawcunhaos/foundation/privacy/config/PrivacyConfigSourceResolutionTest.java	df639aab5a44	2310	71	privacy	codigo	68152a9acb28	2026-05-30	Samuel Cunha	0	1
privacy/src/test/java/br/com/sawcunhaos/foundation/privacy/config/ReDoSGuardTest.java	ccf305b07610	1046	35	privacy	codigo	68152a9acb28	2026-05-30	Samuel Cunha	0	1
privacy/src/test/java/br/com/sawcunhaos/foundation/privacy/core/DocumentValidatorsTest.java	2ddc1d8b9df5	1476	49	privacy	codigo	68152a9acb28	2026-05-30	Samuel Cunha	0	1
privacy/src/test/java/br/com/sawcunhaos/foundation/privacy/core/JsonMaskerTest.java	f56221e5093d	3941	103	privacy	codigo	d12da418da67	2026-08-22	Samuel Cunha	1	1
privacy/src/test/java/br/com/sawcunhaos/foundation/privacy/core/MaskingEngineConcurrencyTest.java	4436403589c8	2221	63	privacy	codigo	68152a9acb28	2026-05-30	Samuel Cunha	0	1
privacy/src/test/java/br/com/sawcunhaos/foundation/privacy/core/MaskingEngineTest.java	0c0d60444115	4873	129	privacy	codigo	68152a9acb28	2026-05-30	Samuel Cunha	0	1
privacy/src/test/java/br/com/sawcunhaos/foundation/privacy/core/MaskingInvariantPropertyTest.java	6dd54501e229	2866	80	privacy	codigo	68152a9acb28	2026-05-30	Samuel Cunha	0	1
privacy/src/test/java/br/com/sawcunhaos/foundation/privacy/core/StandaloneNoSpringTest.java	9aa2cd40cc6c	1493	52	privacy	codigo	68152a9acb28	2026-05-30	Samuel Cunha	0	1
privacy/src/test/java/br/com/sawcunhaos/foundation/privacy/crypto/ScosFieldCipherTest.java	5532860ef1b4	1430	49	privacy	codigo	68152a9acb28	2026-05-30	Samuel Cunha	0	1
privacy/src/test/java/br/com/sawcunhaos/foundation/privacy/logback/ScosMaskingLogE2ETest.java	e1d4cc56c8c3	2214	64	privacy	codigo	68152a9acb28	2026-05-30	Samuel Cunha	0	1
privacy/src/test/java/br/com/sawcunhaos/foundation/privacy/spring/ScosPrivacyAutoConfigurationTest.java	78ce14873ac2	2319	69	privacy	codigo	68152a9acb28	2026-05-30	Samuel Cunha	0	1
privacy/src/test/resources/test-masking-basic.yml	6b8dba6e4fd1	629	30	privacy	config	68152a9acb28	2026-05-30	Samuel Cunha	0	1
scripts/close_version.sh	2ac725300ab9	649	23	_raiz	codigo	639e87730ca5	2026-02-15	Samuel Cunha	0	1
scripts/deploy.sh	fdcb398527e1	842	29	_raiz	codigo	28f9fca9c49d	2026-06-14	Samuel Cunha	1	1
scripts/release.sh	616f3103b156	6543	213	_raiz	codigo	28f9fca9c49d	2026-06-14	Samuel Cunha	1	1
scripts/starts_new_version.sh	ecc6f7eaec15	1681	81	_raiz	codigo	639e87730ca5	2026-02-15	Samuel Cunha	0	1
scripts/validate-pr-target.sh	6d7bfed51490	1976	87	_raiz	codigo	28f9fca9c49d	2026-06-14	Samuel Cunha	1	1
scripts/validate-pr-template.sh	d0e28ad2676c	2309	92	_raiz	codigo	28f9fca9c49d	2026-06-14	Samuel Cunha	1	1
spring/pom.xml	71a891e44fb4	6374	169	spring	build	035ea05bf924	2026-08-22	Samuel Cunha	1	1
spring/src/main/java/br/com/sawcunhaos/foundation/spring/annotation/normalizestrings/NormalizeStrings.java	34ed67f434e5	849	30	spring	codigo	035ea05bf924	2026-08-22	Samuel Cunha	1	1
spring/src/main/java/br/com/sawcunhaos/foundation/spring/annotation/rules/ScosRule.java	73222c0ae830	1049	36	spring	codigo	035ea05bf924	2026-08-22	Samuel Cunha	1	1
spring/src/main/java/br/com/sawcunhaos/foundation/spring/annotation/rules/ScosRuleService.java	9e85e3566944	843	31	spring	codigo	035ea05bf924	2026-08-22	Samuel Cunha	1	1
spring/src/main/java/br/com/sawcunhaos/foundation/spring/aspect/StringProcessingAspect.java	b3ccfc1a0eba	1552	45	spring	codigo	035ea05bf924	2026-08-22	Samuel Cunha	1	1
spring/src/main/java/br/com/sawcunhaos/foundation/spring/enums/StringTransformRule.java	d8f4577701e4	1651	62	spring	codigo	035ea05bf924	2026-08-22	Samuel Cunha	1	1
spring/src/main/java/br/com/sawcunhaos/foundation/spring/listener/ScosOnStartupListener.java	0909e732179b	1496	43	spring	codigo	035ea05bf924	2026-08-22	Samuel Cunha	1	1
spring/src/main/java/br/com/sawcunhaos/foundation/spring/specification/ScosStartupListener.java	976fafb4f2cc	579	21	spring	codigo	035ea05bf924	2026-08-22	Samuel Cunha	1	1
spring/src/test/java/br/com/sawcunhaos/foundation/spring/ArchitectureTest.java	8777668eaff5	1316	38	spring	codigo	035ea05bf924	2026-08-22	Samuel Cunha	1	1
spring/src/test/java/br/com/sawcunhaos/foundation/spring/enums/StringTransformRuleTest.java	5de803b381e1	1328	49	spring	codigo	035ea05bf924	2026-08-22	Samuel Cunha	1	1
validation/pom.xml	e559c4d93e8d	8605	210	validation	build	3b4481f00f36	2026-08-23	Samuel Cunha	2	1
validation/src/main/java/br/com/sawcunhaos/foundation/validation/taxidentifier/constraint/CnpjValidator.java	8d29f8249ffa	1605	41	validation	codigo	764461b21f54	2026-08-22	Samuel Cunha	1	1
validation/src/main/java/br/com/sawcunhaos/foundation/validation/taxidentifier/constraint/CpfValidator.java	af79cb2f14b0	1594	41	validation	codigo	764461b21f54	2026-08-22	Samuel Cunha	1	1
validation/src/main/java/br/com/sawcunhaos/foundation/validation/taxidentifier/constraint/TaxIdentifierValidator.java	8453fbc9f58c	1838	43	validation	codigo	764461b21f54	2026-08-22	Samuel Cunha	1	1
validation/src/main/java/br/com/sawcunhaos/foundation/validation/valueobjects/Cnpj.java	b94234a4b502	1704	59	validation	codigo	764461b21f54	2026-08-22	Samuel Cunha	1	1
validation/src/main/java/br/com/sawcunhaos/foundation/validation/valueobjects/Cpf.java	103e986b1c24	1682	59	validation	codigo	764461b21f54	2026-08-22	Samuel Cunha	1	1
validation/src/main/java/br/com/sawcunhaos/foundation/validation/valueobjects/Email.java	e75f5ae8a5b5	1719	55	validation	codigo	764461b21f54	2026-08-22	Samuel Cunha	1	1
validation/src/main/java/br/com/sawcunhaos/foundation/validation/valueobjects/TaxIdentifier.java	d2c639abfabe	2070	62	validation	codigo	764461b21f54	2026-08-22	Samuel Cunha	1	1
validation/src/main/java/br/com/sawcunhaos/foundation/validation/zipcode/constraint/ZipCodeValidator.java	10bd2d05af51	1372	41	validation	codigo	764461b21f54	2026-08-22	Samuel Cunha	1	1
validation/src/main/resources/META-INF/validation-constraint-mappings.xml	ac7bfcc88c90	1880	37	validation	config	764461b21f54	2026-08-22	Samuel Cunha	1	1
validation/src/main/resources/META-INF/validation.xml	50a603b615b0	1184	20	validation	config	764461b21f54	2026-08-22	Samuel Cunha	1	1
validation/src/test/java/br/com/sawcunhaos/foundation/validation/taxidentifier/constraint/TaxIdentifierAnnotationsValidatorTest.java	e70aef2aa93e	3632	97	validation	codigo	594bbf8f3030	2026-08-22	Samuel Cunha	1	1
validation/src/test/java/br/com/sawcunhaos/foundation/validation/valueobjects/CnpjTest.java	1bb1e8afd025	12475	357	validation	codigo	764461b21f54	2026-08-22	Samuel Cunha	1	1
validation/src/test/java/br/com/sawcunhaos/foundation/validation/valueobjects/CpfTest.java	36471c0a3591	10605	324	validation	codigo	764461b21f54	2026-08-22	Samuel Cunha	1	1
validation/src/test/java/br/com/sawcunhaos/foundation/validation/valueobjects/EmailTest.java	197747f446e2	9034	271	validation	codigo	764461b21f54	2026-08-22	Samuel Cunha	1	1
validation/src/test/java/br/com/sawcunhaos/foundation/validation/valueobjects/TaxIdentifierTest.java	6e3ab7d1e319	9014	257	validation	codigo	764461b21f54	2026-08-22	Samuel Cunha	1	1
validation/src/test/java/br/com/sawcunhaos/foundation/validation/valueobjects/ValueObjectJacksonSerializationTest.java	8aa239d24767	2156	60	validation	codigo	764461b21f54	2026-08-22	Samuel Cunha	1	1
validation/src/test/java/br/com/sawcunhaos/foundation/validation/zipcode/constraint/ZipCodeDTO.java	f8041d52ecbd	548	22	validation	codigo	764461b21f54	2026-08-22	Samuel Cunha	1	1
validation/src/test/java/br/com/sawcunhaos/foundation/validation/zipcode/constraint/ZipCodeValidatorTest.java	fa33f25d39fe	2451	71	validation	codigo	764461b21f54	2026-08-22	Samuel Cunha	1	1
validation-api/README.md	f94b6fce0dc9	1725	35	validation-api	doc	764461b21f54	2026-08-22	Samuel Cunha	1	1
validation-api/pom.xml	19efbca79262	4320	119	validation-api	build	637f22c66b71	2026-08-22	Samuel Cunha	1	1
validation-api/src/main/java/br/com/sawcunhaos/foundation/validation/api/CNPJ.java	6b1fc3e6764e	1367	41	validation-api	codigo	764461b21f54	2026-08-22	Samuel Cunha	1	1
validation-api/src/main/java/br/com/sawcunhaos/foundation/validation/api/CPF.java	e25ce2ad460a	1365	41	validation-api	codigo	764461b21f54	2026-08-22	Samuel Cunha	1	1
validation-api/src/main/java/br/com/sawcunhaos/foundation/validation/api/TaxIdentifier.java	253c37929190	1385	41	validation-api	codigo	764461b21f54	2026-08-22	Samuel Cunha	1	1
validation-api/src/main/java/br/com/sawcunhaos/foundation/validation/api/ZipCode.java	7ff9bd94b640	1380	45	validation-api	codigo	764461b21f54	2026-08-22	Samuel Cunha	1	1
validation-api/src/test/java/br/com/sawcunhaos/foundation/validation/api/ArchitectureTest.java	31ed16690ab8	2211	54	validation-api	codigo	764461b21f54	2026-08-22	Samuel Cunha	1	1
web/AGENTS.md	9f8ae2ca31db	588	11	web	doc	60d4a74993f7	2026-08-29	Samuel Cunha	1	1
web/pom.xml	afa71df37548	9434	222	web	build	4dcab58a2c4c	2026-08-29	Samuel Cunha	3	1
web/src/main/java/br/com/sawcunhaos/foundation/web/ExceptionsHandler.java	9e2f79b3187b	16910	416	web	codigo	4dcab58a2c4c	2026-08-29	Samuel Cunha	2	1
web/src/main/java/br/com/sawcunhaos/foundation/web/IpAddressExtractor.java	0db27c62daef	5889	201	web	codigo	c8c6c9f40784	2026-08-23	Samuel Cunha	1	1
web/src/main/java/br/com/sawcunhaos/foundation/web/JacksonXmlUtils.java	fecbcbf3f4bb	1300	38	web	codigo	c8c6c9f40784	2026-08-23	Samuel Cunha	1	1
web/src/main/java/br/com/sawcunhaos/foundation/web/PaginationUtils.java	ba7faf9ec49d	3585	104	web	codigo	c8c6c9f40784	2026-08-23	Samuel Cunha	1	1
web/src/main/java/br/com/sawcunhaos/foundation/web/ScosJacksonConfig.java	448636fe22bd	1083	33	web	codigo	c8c6c9f40784	2026-08-23	Samuel Cunha	1	1
web/src/main/java/br/com/sawcunhaos/foundation/web/ScosResponseUtils.java	2c9b06ab326c	1287	43	web	codigo	c8c6c9f40784	2026-08-23	Samuel Cunha	1	1
web/src/main/java/br/com/sawcunhaos/foundation/web/ScosWebErrorHandlerAutoConfiguration.java	3e6bc31e58d7	1610	44	web	codigo	d88911c10499	2026-08-23	Samuel Cunha	1	1
web/src/main/java/br/com/sawcunhaos/foundation/web/annotation/ScosController.java	50aa8823a0fb	1038	36	web	codigo	c8c6c9f40784	2026-08-23	Samuel Cunha	1	1
web/src/main/java/br/com/sawcunhaos/foundation/web/annotation/ScosRequestDELETE.java	ae9484f9cb39	1668	54	web	codigo	c8c6c9f40784	2026-08-23	Samuel Cunha	1	1
web/src/main/java/br/com/sawcunhaos/foundation/web/annotation/ScosRequestGET.java	d31fbe675bee	1706	53	web	codigo	c8c6c9f40784	2026-08-23	Samuel Cunha	1	1
web/src/main/java/br/com/sawcunhaos/foundation/web/annotation/ScosRequestMapping.java	788bf2f20a32	1518	48	web	codigo	c8c6c9f40784	2026-08-23	Samuel Cunha	1	1
web/src/main/java/br/com/sawcunhaos/foundation/web/annotation/ScosRequestPATCH.java	81db5d48db7c	1654	55	web	codigo	e4b2bf4d03ab	2026-09-08	Samuel Cunha	2	1
web/src/main/java/br/com/sawcunhaos/foundation/web/annotation/ScosRequestPOST.java	d6e03a31e6c9	1762	56	web	codigo	c8c6c9f40784	2026-08-23	Samuel Cunha	1	1
web/src/main/java/br/com/sawcunhaos/foundation/web/annotation/ScosRequestPUT.java	e48747c27e09	1758	55	web	codigo	c8c6c9f40784	2026-08-23	Samuel Cunha	1	1
web/src/main/java/br/com/sawcunhaos/foundation/web/dto/request/ScosPaginationFilterDTO.java	67c7ea4ef6d3	1158	45	web	codigo	c8c6c9f40784	2026-08-23	Samuel Cunha	1	1
web/src/main/java/br/com/sawcunhaos/foundation/web/dto/response/ScosPaginatedDTO.java	fcd2c0fbf5df	761	31	web	codigo	c8c6c9f40784	2026-08-23	Samuel Cunha	1	1
web/src/main/java/br/com/sawcunhaos/foundation/web/dto/response/ScosResponseDTO.java	3f7f31e869f6	856	37	web	codigo	c8c6c9f40784	2026-08-23	Samuel Cunha	1	1
web/src/main/java/br/com/sawcunhaos/foundation/web/filter/LoggingFinalFilter.java	1043a91e00f7	3857	108	web	codigo	c8c6c9f40784	2026-08-23	Samuel Cunha	1	1
web/src/main/java/br/com/sawcunhaos/foundation/web/filter/LoggingInitialFilter.java	4604947d2814	7094	190	web	codigo	3b4481f00f36	2026-08-23	Samuel Cunha	2	1
web/src/main/java/br/com/sawcunhaos/foundation/web/filter/MultiReadHttpServletRequest.java	4001f92143e7	2677	86	web	codigo	c8c6c9f40784	2026-08-23	Samuel Cunha	1	1
web/src/main/java/br/com/sawcunhaos/foundation/web/filter/ScosFilterProperties.java	831818152f91	1254	45	web	codigo	c8c6c9f40784	2026-08-23	Samuel Cunha	1	1
web/src/main/java/br/com/sawcunhaos/foundation/web/listener/ValidationAnnotationCountListener.java	afc5cb7bd4d2	4718	100	web	codigo	4dcab58a2c4c	2026-08-29	Samuel Cunha	2	1
web/src/main/java/br/com/sawcunhaos/foundation/web/message/ScosMessageSourceConfiguration.java	c17d61543d3d	3080	70	web	codigo	359836ebec06	2026-08-29	Samuel Cunha	1	1
web/src/main/java/br/com/sawcunhaos/foundation/web/model/ScosFieldError.java	33c73c2f86d5	2442	67	web	codigo	d88911c10499	2026-08-23	Samuel Cunha	1	1
web/src/main/java/br/com/sawcunhaos/foundation/web/model/ScosProblemDetails.java	8af6c1c770a7	4631	115	web	codigo	d88911c10499	2026-08-23	Samuel Cunha	1	1
web/src/main/java/br/com/sawcunhaos/foundation/web/utils/ExceptionUtils.java	41a7089be449	1881	59	web	codigo	d88911c10499	2026-08-23	Samuel Cunha	1	1
web/src/main/resources/META-INF/spring/org.springframework.boot.autoconfigure.AutoConfiguration.imports	7a9d0d5809f4	141	2	web	nao_classificado	359836ebec06	2026-08-29	Samuel Cunha	2	1
web/src/test/java/br/com/sawcunhaos/foundation/web/ExceptionsHandlerAccessDeniedTest.java	63cb80818e5c	2514	66	web	codigo	d88911c10499	2026-08-23	Samuel Cunha	1	1
web/src/test/java/br/com/sawcunhaos/foundation/web/ExceptionsHandlerDomainDispatchTest.java	ea8cc2b533a0	3923	97	web	codigo	4dcab58a2c4c	2026-08-29	Samuel Cunha	1	1
web/src/test/java/br/com/sawcunhaos/foundation/web/ExceptionsHandlerHandleExceptionInternalTest.java	3cdab8cbf45e	4227	93	web	codigo	4dcab58a2c4c	2026-08-29	Samuel Cunha	2	1
web/src/test/java/br/com/sawcunhaos/foundation/web/ExceptionsHandlerInternalErrorTest.java	d3dfd367acce	2611	66	web	codigo	d88911c10499	2026-08-23	Samuel Cunha	1	1
web/src/test/java/br/com/sawcunhaos/foundation/web/ExceptionsHandlerJackson3DeserializationTest.java	b0c8c9972b2e	9377	228	web	codigo	d88911c10499	2026-08-23	Samuel Cunha	1	1
web/src/test/java/br/com/sawcunhaos/foundation/web/ExceptionsHandlerLogLevelTest.java	a2a7ed4008aa	11691	295	web	codigo	4dcab58a2c4c	2026-08-29	Samuel Cunha	2	1
web/src/test/java/br/com/sawcunhaos/foundation/web/ExceptionsHandlerMdcTest.java	11b83bf61307	3421	98	web	codigo	d88911c10499	2026-08-23	Samuel Cunha	1	1
web/src/test/java/br/com/sawcunhaos/foundation/web/ExceptionsHandlerMethodNotImplementedTest.java	9db6b9d07f92	2632	67	web	codigo	d88911c10499	2026-08-23	Samuel Cunha	1	1
web/src/test/java/br/com/sawcunhaos/foundation/web/ExceptionsHandlerResolveTitleTest.java	cc3848a3fa83	4042	89	web	codigo	d88911c10499	2026-08-23	Samuel Cunha	1	1
web/src/test/java/br/com/sawcunhaos/foundation/web/ExceptionsHandlerScosExceptionTest.java	e62a9ba34486	3287	75	web	codigo	d88911c10499	2026-08-23	Samuel Cunha	1	1
web/src/test/java/br/com/sawcunhaos/foundation/web/ExceptionsHandlerValidationTest.java	9b43c0bd292f	10045	209	web	codigo	d88911c10499	2026-08-23	Samuel Cunha	1	1
web/src/test/java/br/com/sawcunhaos/foundation/web/PaginationUtilsTest.java	d8d6aabc8933	5044	131	web	codigo	c8c6c9f40784	2026-08-23	Samuel Cunha	1	1
web/src/test/java/br/com/sawcunhaos/foundation/web/ScosWebErrorHandlerAutoConfigurationTest.java	06b6f54f3b59	2517	64	web	codigo	4dcab58a2c4c	2026-08-29	Samuel Cunha	1	1
web/src/test/java/br/com/sawcunhaos/foundation/web/TestBootConfiguration.java	c61f0a186a67	924	28	web	codigo	d88911c10499	2026-08-23	Samuel Cunha	1	1
web/src/test/java/br/com/sawcunhaos/foundation/web/annotation/ScosRequestAnnotationCachingTest.java	70d1640ffdbe	4819	121	web	codigo	5b76698950a9	2026-08-23	Samuel Cunha	1	1
web/src/test/java/br/com/sawcunhaos/foundation/web/filter/LoggingFilterMaskingE2ETest.java	759930679a8b	5448	132	web	codigo	c8c6c9f40784	2026-08-23	Samuel Cunha	1	1
web/src/test/java/br/com/sawcunhaos/foundation/web/filter/LoggingFinalFilterTest.java	b40c90123092	2880	83	web	codigo	c8c6c9f40784	2026-08-23	Samuel Cunha	1	1
web/src/test/java/br/com/sawcunhaos/foundation/web/filter/LoggingInitialFilterTest.java	9b1be7cf6dd7	6377	154	web	codigo	c8c6c9f40784	2026-08-23	Samuel Cunha	1	1
web/src/test/java/br/com/sawcunhaos/foundation/web/listener/ValidationAnnotationCountListenerTest.java	0c0e35e4dff0	1080	41	web	codigo	d88911c10499	2026-08-23	Samuel Cunha	1	1
web/src/test/java/br/com/sawcunhaos/foundation/web/listener/empty/SampleNoValidationUsage.java	9e72f01515bd	725	26	web	codigo	d88911c10499	2026-08-23	Samuel Cunha	1	1
web/src/test/java/br/com/sawcunhaos/foundation/web/listener/sample/SampleValidationUsage.java	306f2f6a0c59	1042	42	web	codigo	d88911c10499	2026-08-23	Samuel Cunha	1	1
web/src/test/java/br/com/sawcunhaos/foundation/web/message/ScosMessageSourceConfigurationTest.java	420c61b5fd49	5489	111	web	codigo	359836ebec06	2026-08-29	Samuel Cunha	1	1
web/src/test/java/br/com/sawcunhaos/foundation/web/model/ScosFieldErrorTest.java	63e53016c653	1348	45	web	codigo	d88911c10499	2026-08-23	Samuel Cunha	1	1
web/src/test/java/br/com/sawcunhaos/foundation/web/support/DomainErrorController.java	63293202b7c6	1660	53	web	codigo	4dcab58a2c4c	2026-08-29	Samuel Cunha	1	1
web/src/test/java/br/com/sawcunhaos/foundation/web/support/PingController.java	3ed9d009a537	1049	34	web	codigo	d88911c10499	2026-08-23	Samuel Cunha	1	1
